address,reason
# Example blacklist entries - remove the # to activate
# EQBb_iaNwrbG4i4aKfyewaaiG6vDBivKl7uNZ0LlyfYSJY-V,Test contract
# EQBA5xGiSCpqZ5omfaPeCwiV6E00_yu1sLJMt42cwqAZboiW,Invalid data
EQDnmJmNzDc3PbMrDgQmp_gcXOaSKpxQPKxqfbxSUVzCmV6P, block
EQBpnfShfyIW-4eliuiqZIVjfEobvZaxNC8P5IOG5sc_lyxu, block
EQD7yUzLfUMF2y7P2hYyGUSlYUOcDeDeKkOtb2Hf4930DISP, block
EQDLwkyWKUdASdmjpttUs5EVV9896Hx6rsZChA68RSzecj_0, block
EQf_8GAl7QmuyKtPK-uOulVMvfZF_ZEeMGIU9Pgcye1Q6J1RP, block
EQAhKfGFedVNYOhJrwkKOhdTPB1HLfP0VsCuP8wVMTOVGbxV, block
Ef_PV5jrIVZMG4LTXUPATGIa7xHkqwfcFh0ZYqpQlLlz3cah, block
EQCuZrtn3xBue3ychIblOxkCMXEY11aUt4rKwzeeVSOq-x4Y, block
Ef_8GAl7QmuyKtPK-uOulVMvfZF_ZEeMGIU9Pgcye1Q6J1RP, block
Ef_FqnbpAWYMgLk-ZeGQJxY2DighJMy1P8fxrf3iJQ7LUnIq, block
Ef_fNppVxuCmLW23JB3cedrlEkCjH10PnApKi2XhucjoEUo1, block
Ef8tS9bVYF9TDRjpeRU-ZJ5TMv4bHh36KzMM_YLl3i94Zuph, block
Ef9o0nYR45EYDFiqj-uXmhhv5-SJAhOyaQNGEZWsmaUvrdmp, block
Ef_ZD7YHfXmeS9dxPOFzOy42cv4LVaz8aie4AZ07RAjbAHZx, block
EQBls-1WzVkqzKSgo96_CJ9wOmRAgWju3teBUEEIN6fvYHtZ, block
Ef8-smjah5xqO_tim8_KhhZNYX38JzCp9cqPnMYfRikpF0Mb, block
EQD64ShstPQ8_n-wAMnZli7V6tvC__L_IYeq9_cZ_xl40Evb, block
EQC82y6Zsvl_iv3w9vmW8FiayugQfI0D8dHTGyEJ2GhUeRnO, block
EQDrKbI8Ch0Fndv5TnMR2P--4iqWEgF195j1bVdwwIOgccAe, block
EQBb_iaNwrbG4i4aKfyewaaiG6vDBivKl7uNZ0LlyfYSJY-V, block
EQBbdic9-YXbDiA_fTYO9ImQn_uARJ6Vwlzps3cSNBxN0pDa, block
EQCommWIgtPmAHlXWL7glGTqq8D6HKhnNQWjph5ozsz5wDio, block
EQAAzhLuDCaaUwhsRsivQogGtgHbwQ7fZHqZ7ZzHQegxZyGJ, block
EQDw45eTstjwq0lekw7JhZ_lXh7OQvgm7l5ECNjSCq41u9Dr, block
EQCufmEfMOiP1SFMCZwKXpKEWn34vei9EYT2f0YNPqhdObDt, block
Ef8FZAEB4WbDpbjV69UQt0x_ydfim54hVZ-iTrlNZPJbrTm0, block
Ef-g1gJk4GwsvSpD61-NZqDXZ6kOZAy1RibvHJOxKjqj5Mv7, block
EQD6MJ62cQQKIH7IT_9M7m2Rein99Yf9zts3aoBiwxMzdbG6, block
EQBD8qmpK3igdGxLPkIAEA-0lWJr2NlYHB5gM4JFttv0s8k0, block
EQA1wVl1DevRePpfAv97wvBOwQ68HyT4-QHXaXqgnb9k0AKi, block
EQAzyD0NJFq0HitgdPvmjnozTj-KbginbL13rrz1MNgiiyw3, block
Ef_Q7LCFOgaEchWk-N0mBhwH3ooEacgcn_Z_onB6Kn30nZtc, block
EQBMYmuzam1F0FTZjSDhTZ7KoH1_jTKYVH3aF4CKh3qkUUVH, block
Ef9LNxblNUdbkF8ipLaVhUpFl9dz-hC2f7OJ432hatB6TXVe, block
EQD_vWjlOqkwBNXA9QLXNmCal-NIgVTHCPWHSiQBXQFgeMnr, block
EQC61KZjX4v5KdPn6_TIboRme6g1B4II0zsnU3i4GMl6Rs89, block
EQBC8azvD8946ZU_ULbasKTlun0xN-hKqoh3ARsRHkaBH4iw, block
EQArjn7ydMQvDP1vSmigrV5-blnTe_wuEfWWQwkbDxqVwARS, block
EQBK0MQ_HUu8vbDUv7tbsfQZ5mONDF8HNTgfb3a0_71IPHip, block
EQDzTTSgPTXkHzFbLnJgW-ecDCzw-i_aYhkUV2jeeW6uuZe3, block
EQB_ybPrF-rsffuJT2L_WAh6jUPGVAqiDzwjad7nXHI2HqfY, block
EQBoXMWTYsogtlvhIQCdnTlkpvxOKiEQOsnFGneASNMElJme, block
EQB4Vzd2VYMvZORcz45H3mGH9mm8jdevdn83Jm1nAzNVgHZO, block
EQCt6Y556ckYew2RjCxk8_14JM3iJXcQJ-Cy8brIYzxmoHHj, block
EQCzsU9vW00l_ZBVeg14EZjgefBNSkFCBJd_9_cC-TneuA9t, block
EQCYp1cu7XgvlGqADGAcbRXbFi8kQqC6iYaq9HE9iUzVWEKl, block
EQB1iUua3mPAMBydbIDf2PU9E9eSNIllLyb5EjthsOLUBprS, block
EQDJzpMvQHDUoT7db4SD6lo3AtS_YNO__3hG_sb8viOsaIE7, block
EQAS-EkF12uRBHkzgqwyaQQ_EcpZ5z_Puqp52VInQamz1Epq, block
EQDfMIzWsnu7Fek0ttF3Rck5AWiSZ-c9Xe57r3ZynoPU_Z_U, block
EQCjQmoNsrnktjHJZvoU74xlDZvJaYBaD92q3Axd4PJPO1QG, block
EQAdLehGmMdxWhxyNPrLKVCwxD2ZWcvHOXWGrW2Q9A3YT9Ah, block
EQBSjeBmDWw3itVUNS-JRt8riKz7DH3igsq9CuiGbfxPmrMF, block
EQDzS5K4meNODINSF0QvY4HBMXSBcxPkJJutQ6CvxmSbQ70l, block
EQCK1wFOTOWGdG07rWyDA7r9m4a2GPD1G_0OJKfrZBFl3uEd, block
EQCp6Sso2bKZzFN6pLhtH7SsenWB333UH1PzngPAao6N7KLC, block
EQDFe2yuUPRkjY9YY7_oEpSXPVOhzEPmSPA6tGJgJJJI5G1S, block
EQCSFkSjp1Ru1QbAQjb1euhZ43U4uwkT5m5rURhzgyuRSYuK, block
EQCt1Ddt_Qz3gDJ2fg8-ah3M4haqP4MPvhtsi6yY2CkbBz2n, block
EQDaAtTK3hep0KtxKWpQUSzOh89Bqv-q6vhUNMchTD3M0Kx4, block
EQCVnl7Xoti_FnudI5BHb6vRPR4IX3yFNoV_eSnB4QxQepod, block
EQCYyE5EJgDOCzCWNCGMNA9YyPdStyY0l3TwVQZKNL8O4ppd, block
EQCuEa-Ya2-TvQgvlSOgXxDPrZVwpu4QNWSbNWGUTekHvcEB, block
EQCvW892Fa5b8zDnWA6UEWo8WnV8dGEBf5E6PseuXmcWgeZX, block
EQBWW8pTMS7gP4jEj1_oqUBGhLbZWCTHQq3QK0NXFltLSIkD, block
EQAWHQsiM_JW0WWzJEvko_PqLQS5D9VdmrvSLoyB-gsapmG1, block
EQBA2_IRY76frmKrllkRI69IPh3Y95j3stlFOi-IB9ieki6H, block
Ef8nHIdI0z_OX3Rl_HiODOQb0HU6-LC7UuOawU-tydwu5e_3, block
EQC6z61dfRlQAO1An4RTNUHQXBsHBctMeEiXbOdEXLPW54YQ, block
EQDu38m8TjCXvHv3Vo5dEO6-qm9HbrJyTYCz9iSpJgarck89, block
EQBtOq6tu1stJu-RjzRPB2E38UM1fD-TA2EoAk3PAuwD7zmR, block
EQANH3RIiEincKGrwLE5aPMIKAL86U2nGxe2afp_pucFYjyv, block
EQCJO-57IQmX5T8NooF0glWzQtFnopijYB_l2zM2FA0O1WlY, block
EQBgWHtgSfELjiPabCoKFGGfQpDOtk0tLFd_8Ht6ksrG73of, block
EQCguM_SHEqEw8SzNXJhleoNWRfiJhfEF_qetQNQ_Ukupdyg, block
EQAiRd_cBQIlaWeehqmEuIk1fDLgnqkf3T9WK0vq-9kklBYN, block
Ef_UnREW8hqnW5FtEqfElTfLLNn8ih73TK8yitmxhLWdgHWs, block
EQA_Y7moUrhv3sMAqdoEUFhwVL1KlimXpY1BthF9Xg6FJIYM, block
Ef9kGgZqvAPQ6F5Cbdb1EH2xMmUdhxNd_txHMXxcLwSNSzcF, block
EQAKBHsSjZ5OWWRO-eglQTgfGtmjEpnvcAzuTFz0xTO-DG8U, block
EQB9BNdziUyzaGrtWqaqDOxRJQdv2K-kff6rk-1PIYlMHida, block
EQA56YKU_8paVUn6_bb1stzli2RQzbgQ8oTeUVBI2S1W3ZXO, block
EQBlbjG4N0t1WNweC1j6LgkKemKs8icEXxAPO7votoaAfoUJ, block
EQCUVWiLOGR2CXxIYwFIuGHcGMJS-nMVCRWB57XBF75KaKhw, block
EQAqpTF-jP2HVUCNw4h5Domr0hUS402EdYYs5VBd5MC2_JBU, block
EQC5HWJoIfgqbCGiAlbk0Pya2_OPKJj5SH1H0vv0v9lfKdsg, block
EQD82HG19Uqwuqt0s6aWTax45Jks3iQz14Ih5MNd5sSTfgTq, block
EQD-O5WpC4KRDmSytgsh4qJlA1d8f7B_WLCqd9qfxJA5mMaK, block
EQDemEUP5JHbRKfVIemb9sqf7BY7wKflMAL0_PX0zCT34oF0, block
EQDQZmXK26FmGsxv-n_CeyCUQW246S2qNz-3LRr1zcFdU9P3, block
Ef_Uc-1GZjNrVdbKS6Q8b-oGvya7eLbMG1QlV_uwHuG4bhxL, block
EQA9lNAMDpGjjC4vGXBp7DowOtAwYjknq7BoSqvtjKVE2FH4, block
Ef_br6My7RUlzOzZl-LkiG-UQIgfRAxmk4HSi243lAR4EsgJ, block
EQC6TKoFBNUQupptv6OKSBS97lZ57sI-3Ju_r6KhIePOg1w8, block
Ef9zzIusdzcmZaJFwNj7prxI10iF6eMi1t7CLFzTIHY_kQ7k, block
EQDJnv6qJEyZD2UbVCSELEJkS6qZeucCbkLGrd-si4bhex1I, block
EQCqQH3a_HuRXro6hkndWlk38ILcwNn-OCqY0f6sOWy0puTf, block
EQClEsaTq6sCWRcbTBiFpQImzTR5PmYQ9C5YNqHnUz7R2cIR, block
EQCCbDLgHpLq3W2dunlpNDPbKzF3suplkhZCwwJafSyBSxJ2, block
EQA_VfOz8_VI7kSDiA-ZxbPT71A9l8ns225Rt-BR58HuNhHj, block
EQAru7qxfPqDkBorZX0baAwqdSPmBcFFmbIuzvkr9reWJttw, block
Ef-sYsJ-pxDzciwv3jPZ_jPblcoel5sSb3SbVFXxYaGX8g9z, block
EQDARMghzjGDMO2RHutB344U0frv1tdAemVT_trM6zMhIFC6, block
Ef8zOQMQv_yPozqKatSAltIIQ2r5T-pQ0zYfnDQeW6wXHZY-, block
EQC4Ymi6vSYOaA2GJ_FmFsAjpU73kG9njatbQQgO4C1eyawc, block
EQAvo8Vx-JZkShmU2m284lL9AwqautPBKn6m1HgUx89DvkIO, block
Ef85IVwsyRIFUhflwG2Rc5U9HdIypYvBgqMe6J-31lmBw-oQ, block
EQDCSGSPwsm3uUepnZnkGUJDQiolseqchQLdxO_0cKJ2MujJ, block
Ef-Q61RQSNQfQ8rETxuxnSXrSsRjlxkLc2gfHIfzMuyqRhoU, block
EQCgRxFm2_5fkk1apEg_Ekj3NHktloPw7o2gd3qRFFTS3W2o, block
EQAcoP0TACLUq3D5Ned7QivMeRKfLo7qw5leAwGfusBfP4Sl, block
EQANKHxCq5yMPuaZIF22Km4eLkBBVDQqS0xktHPX4MnxTJ9_, block
EQAsqQBnONuQDQG45CJOI1jCOiDu_wg6rxZGY8I9N95S2NDq, block
EQAUiUwCC6fuzRyrra9Wgqk1oRsTWLQAlUd0dczOAQ77Spow, block
EQBaR-v3IQWMXa-KZkdlwN3sVNO0O7hGKtJr_P90u0ux3geL, block
EQCnzj8cm1I93azCv86yoaHmfOVpEDiQnyzuRanleFz1nCLO, block
EQD2-pJASz1Ycjsf6W1VAmTHAr-eRuoiZGNW0bmB8dWNYnjf, block
EQDamo4E1RPWM4-0SaTp0vWFWUYJr4LgwMPHIG46aO_U28xz, block
EQCRgOQCkkJql9mEzvwXjt3jW1Kamf_QG20N2gk36AIYe4iZ, block
EQBaIswR_-dMbSzpxKoE7UOupBWltz4hkEDer8IkFk37Yh9w, block
EQA9pUdy8E5G2WKaNVf5k7gh9qoXcrt41GajGPQ_9sKX1qqt, block
EQD63x0TAdFo6_hoDF-WKjJ-Mjct6gpIh4gPekOoKkWryNzs, block
EQAzlDekKuL583RHh15DM48gnD4XwmeQPRAqRVQYR6irLklF, block
EQBupOGa3p4vYUnKV-N5iErFMnu8YkVpJeUPEpKn37bnJKn1, block
EQAcyy2axY2-IGcFT7UMbs2UD61wwNxQt8v4K9tlMpthLKnA, block
EQDCGYekI8Or3QCsgEVxiZT5rx_UYvi-VLRusYEofxxCAYwd, block
EQBTzbOSZUEaZ8E6ts4LtJJPXVZ432IjuKHO9YqX-gS-o5kb, block
EQBtUR8p-0LZSBJGgQLoqm3ngVbpBsqX941zxyiqNzPgYwOf, block
EQAl2j1OphC_-aoZyuFIizgl6l1hmpn0cl08pZwgoCZe9lcW, block
Ef_Ab8WKiz_quh3F3RbCTqxktCQhrMyEwQOaIm6Dh72mdH77, block
Ef9a0LToWAqXtCNBS950qOvhXFszU52WaKFFmhssn4zUhHL8, block
Ef_uoeYg0YyJ5KklZy9zAMjYKLW6kyHp6ZLP8N8_hjyn4VvN, block
Ef-qbkN2XjP8Pk4igJE9BSFkim-ctzH1RDEBRxZLcq9pfRf2, block
Ef9b7ObWADtKGQAAIHp3fuG3Ib6T5IpqOLz5Zp3cfHdEj_uu, block
Ef_GCrbzuv6QadA4L6K8Xo2_iZ95sSCZp0VL8QH8hyUl4KoU, block
Ef8YULE3c3eU-7xix5C-Espxw48QrQ4xQIke7DeScCsPXaKN, block
Ef-3Sq8Oj4qcPoGgup_q1HQaSTeGVPRKOnbVu5u-12U5Ewro, block
Ef8BkzYwijW_Ep4E6c35RsREB-G3EFMC4WHVU-zeBtzbMl8N, block
EQBPanFBRh4KkrIycCxmHcmVYYaqF4AAKCbqUf5oFunsS-__, block
EQCKx5qUQJE5zJmk5uQPp9pGulL5zBBYe3UZxqtwTUqlZmgG, block
EQDqYL8OUHTPGDWEEBrdePwrGQDqgRpzR3aNfbaXja_za7Wj, block
EQDZjVtSwhHBN1uV77wRsGAX2X_6dkQCNTQmGJInG4j4ARKK, block
EQCDy57CT-23UIqMeNeDftDCKSur0xDZTl_brZ6ebYwJCYFT, block
EQCg4ha9rpDzxV8NIqt7A0YKFmb0gISVbsrOGlfwgFh2idHe, block
EQBqtx4DardRoC_ukAoDhMEB65KuxjxjV8kwZiS8jPQhE0p-, block
EQCmuDpwtKXQEqfJqa1cCO-KZH6Ls2fugpEip9EgpvuKdcw2, block
EQDc-ZNEPakQ62ViKwUkPL0LkmfspPbHNbK8hZFbZE7VCAzB, block
EQC6s_LfdM19MgGl3hv7u-s6pemc2JBHYIEr_PYINFSROoke, block
EQA-dGjalnNz3MypwV1rez8FDzAh4aDmyiu_TjLh6BxCMzrH, block
EQBIT3nM0yShgbcaIOdjoEFuyAriVhPtDe-SdIgklvP6PLgw, block
EQCiqtaMEcztwbKLL1gaR4oNJPKyiDuUJLSkZAbDkiKk_hcI, block
EQCZH96yLE38mBcqTHJqtBuTF230JysuRHT5N7WR1b-CPMNB, block
EQC1-2FZLDl5FnwEC-iLWPz8jhQK_Zr4NN11la00be-N1O9h, block
EQCBGFsA5eLPG-Jx1gp32S1Tza0eJUCRd0zhcEfGRYF7S--P, block
EQD-NCEvSgsRL-k_veCk6pyzcMfBmUOjQ8kMu8UYpQgHN8J0, block
EQAN0gCq0N_RVWu4Qp4iqR3BsY56uz7SgGMH9WZpCA-QrEeJ, block
Ef8eKffEYMFSmCLMzBtim7LfesZFz7QrFY8183quZQK5es6X, block
EQD25nOL_mdfDu5NmKM845dXl9rC2mdHY-HoLPibOm12zj0W, block
EQC9ApOR6_aDunpFxEFuxUv-uWbEZ1tFJ5-e_U6p7S3sdWF6, block
EQDG70SKr-fm0akbfVQkWLr5OgqYLmRpNkYbwTjReW2hi3oT, block
Ef_-wCw2koBwFDzSMylMjD9HaoL3_mDtGGalzgk5LNPWfHfB, block
EQBXYBrjuzbS7hUEQ42x-6eBcR2hwEjqmkUSkNFmHBBZJP8c, block
EQAANMLB2-ESu_GBpPFEdvtGcb8kfRusD_3EL3s8eThdvv_1, block
EQCPsTLoZtalfPIddcyogCl3pibmjuUCzd0F2xwS5KUFENXI, block
EQCKGFJCGHaNOvRp_B6Bpsb2IZVfdEUODVE5tJdJSmKju6cE, block
EQD7GBCE44804Ssv5C3UMf3x7htII0wywDknnQZG7jx_nI2M, block
EQC5Z_LLUEpBMxEu1Ve0YQ5dD1mHNowc94b9MVRBP9hCOGbX, block
EQCS9R5j-1CoassSK_Sj4wZ_c0IMir7h449o_oFXt_h6Zfq4, block
EQCIZBpDmreGZEiQ_yvXttfwK7fVT1A7rLJV07IiFaou0Qj2, block
EQAls41jj74A0zhWmWBxmffrbrsOsjhS4TARUQ5DqoZ1uQL3, block
Ef-c4WiAkdGC3O-03WYvP5Tmxo39BoCvWolTTpHu5f-GQ8B8, block
EQAAAtyHkwwyciPjbsgdbxhGbcezn2Oif_TEvNGvq_WPpWVc, block
EQBsIxKhufkueJ7T4VyFNTrOovdBJ2y5DIKHHhlHPY2u9BDZ, block
EQCLRGJ-rqqTyX9DG2R6w4Eg52a5E6eIICzytQm7U5hgbwu4, block
EQB9K3-RUm09E5syaHTJbSg6x9emgO6b2ET2afN_d3lOqaxw, block
EQArkEOlDUIGfycqDe0XxtJmVPYf2qeJj-ycFXqc8UhRH5SC, block
Ef9_1Z5GqVn-rny-PYdzyViPDVhC4VJwRV3ockYMyOQgRLJc, block
EQCPBirDDatb9YQzMkgH_tkZDj0txHEEa4z6oxr-n55w1vHX, block
EQCGjlAvVutBkavYZKsd4KFUw7iMyY2LjFMlVZITKvNWigkA, block
EQDUhtGwJqPPufgW7k1QnfuCaiizRRCWdI_HvIDbwfaBaaZE, block
EQDbcfnEL64m-DTFiH6jqlJEwvlJD99xY0fMv2jr-n9uEavc, block
Ef_F4Gd--KSUpoylXHiw1RpESPdB3vSi9WzKrd4nJWE3YGxH, block
EQBmdOKbvQ_39PQZ1RDe3ssDfwbBNAkYNqU7HYl436z6IvwJ, block
EQCe7iCpLo1wwImVdY_-oW2qTovrVveS130hWRW-h43n9qyl, block
EQCUZoRqaulApIx85SQguGpASFfYvukR_AOlQoMmn9OIl6Ck, block
EQCmNBLVsW0GHU5dmEeaqsso3mxNtlxljmKx_DOrTNOFRmER, block
EQAk29bIB0d_8Jei8Pr4v24RmNN13ETbZn8RXSazfrS26jMy, block
Ef8WgsSCajNiykX5gS0V_m-8HB1m0ozSmw2PHXzovqgHknZe, block
EQCzVdFcUU1mUr_nG4IlEQjLrb8JoqLWnb4znz5jx5B5OCzr, block
EQCLNPuqoljiCExdpubcIV0G6MXiDIUZwDInqpAXQw2C2uSx, block
EQC29ubpJpVnKL8wT5yJcH2iIvnyBufl3YyROsOvzr81ZIVf, block
EQD0e4ODBOeAmFKIUqOZbk7xkhMZykqEvcCIWvIaokkufDp5, block
EQAGljvOgGmDf1NtK1UIDUZoxkpcX9qjxu70AEwn4vrgSSWU, block
Ef8Q_FtihvpFpCVQXdtaPD0SvMHEiqZJ1Q8E8Yyh-ValcNxn, block
EQBv0l721b1-aNBoks8xPRmmfscdgg3-cezxg6_-YZVbTjcW, block
EQASJZWeuDnCbdFq4o2BYvJ28fSSMQryn1Yke4Qc-CysN-zB, block
EQCGf05O2FuplGsDESAlsArdzASf6K9TqxP8lavdSxCDcKz-, block
EQCEtQrKYPX7rh3v83H8ADM_QkMmoWrOvnhStG0eeUvsYV8l, block
EQC6cHQtU8QGAXZFodmgBQJm5cV7qxWmascbMXB2v8fXt1nG, block
EQAu9u7MPIa9KIYf1pD537KZ6YdmMXzk3twTAbJlXOqzRf52, block
EQCE7hZ8FXsoHz-RstH0H1TsFIzyqJCHTIgAS-jNTVrDM4Af, block
EQAVA4pVm26e6jSPFc-joGDnTewPau6PWO34sjVhZ7CkaImX, block
EQDxSmUwY6JgSthPoZN64oZbCpjrzbS-00kwL5nlswLLB3W7, block
EQDKHHSV5koZgELBEbv_gYemMNOWB1BKJZDHj5k7N8NiRcU6, block
EQDC5cI9TibeVA4F_Nunp3CPpF-x5CWFrKxVYFsOYCNRB_3u, block
EQCzAmrKsvdYGMJqx8MgiEF8cfiQWW8vC09xLkTdniv_vYZ4, block
EQDoTX0AL_IHvbafV-9S7evyvHguV4h8bmL3hWr4ZZpM25fX, block
EQCfBdgFH5AQGsoGIDGd_L_cGp7WxtFwyxD2SsUnGfcH9CbS, block
EQDY-R0ReSUs3YdFFGsLqUTwJAmHv8Q0QrOyrT59elOuG1io, block
EQBRH7wF1lnLMhf5UQcKQoLEmh123Pt_5tbWxWGUN2YSRpjp, block
EQCp4OTQ0iYCbBITuGtggxQco1PCgE-IQc_7fMceWxQkNYDX, block
EQDq7FoprCiFPFfm2aaC686K8Z2j_1ZxiHusJPlspwBAj7hl, block
EQDDpkQq-ezlhYfCAtivUrlngXgQGCnzaBOH04O8qco03Lmd, block
EQDaOlxdm9ALNGUBUhCfLK6-JhyajiJ3oiELtBE_dMthlXgV, block
EQAt7OJoXuliIWcN8KbKBv-HGjtRzdXfZ9LE9ED01jer21Q8, block
EQD8OeClhkHM5HuhVwiYLXp9frLe97c64gyTPLQ4kbW5Aa7P, block
EQBq8yOPQ5txX6tTSnWGBnIDQrJEIiln-Kc61y9j7Jqh-9PT, block
EQBNRh4OI6bmMxzapJBV2rlH-fqNdG_t57R2iMipDS0KQlbr, block
EQChaGAef0TChKMmaapY3owvTlcUFW-4DhY7tcqAacR-0Gw3, block
EQBA5xGiSCpqZ5omfaPeCwiV6E00_yu1sLJMt42cwqAZboiW, block
EQBdL-upJbGStg4MF8acfEfilqd34cfoHe_k2E-yecki3yS6, block
EQBa2UqYZBAkF5wC13JMRsinTmFLgZDWSXfB-HZ6sHeauUtS, block
EQAygRZQz8FsHrhJ0q0HIUHiHcyDR1QpBmO2zbFL_h-JvAQF, block
EQBQP3aihdfLe0AdbaSddPkw97UJZtmLu8KB-E6wOAvJlmZa, block
EQBGSgvfM6PBzdIO9UqwlQaGFOb8wgnNiiP6ZQezd2wn9PKG, block
EQBudw8DrRUJR1kxkBd0il7P_T8HbJh8npQhGl60O4RmP6g1, block
EQA7RRP25aKt6OrAxwHZLAsQQ23B7ZuFhFrix3osaP5E1Tub, block
EQA9IqyTQIuYe0wHLv-6aHIf7a2aI4IxQEPT7yK9OJvIrtqH, block
EQDy1haOh2mLOUeolxqhr2O39IyIAGj-s78hqSCBa_sQrgxq, block
EQCH7ccYh-IHV8JLYispGngaK8VOhqhN0nrUl8K8xOPrpyUd, block
EQDI8BMrMSQsI9ql2oleg6FWNkwTFYHbS9Mv0f2jEPF-suv4, block
EQA1UCPFAtjyf643wcV-n3dnKs4Vq4yRC5X_LXMg2faTjuHP, block
EQCy46TSgVuuRslESoyw7mkS8-o3m6oxXasn9ZVQZ-Fy9oWH, block
EQDVhtgCUkENU-ZgT8ADiOcvbxpgx8uztiroDT-Gk72BFFZW, block
EQATS90d0Ko04qvpVvq2EtcjvbaNSeWlHHFOXNOORQJXeARN, block
EQAdmJDxwCoNGSfDZol98CK0sHqxAOJUesEsonsU9zmluA4l, block
EQDeqTe8ueZoMm_5yn5FQZVxuDgU-uQSoZMN8VKifOi0EbbB, block
EQC2bwUpZJTskWQNtJaz_qJYo6XV6Udzm825au4Zx_B_2dLe, block
EQD0HFNyxBKu0MefqAoUJzaeUmzVVVB71ohonvVgVO5-f2Xs, block
EQAy_tvxVnol4NvxY9QOBYCx52b--yrUlVgMD7gheo3aoYOo, block
EQAqVETBuRwGbtz6lotgKMruJFiztEEcG34NkSiIrDJlAEyZ, block
EQCqaEEMbpP2dP-8vg3mUVOgzSvV8TcnqpCLOoLSA1MY4Zc-, block
EQCYpsj0bKvK2srX-EB4nKnRx9lSDIjVQkTNqaEHs-yPQyOn, block
EQBE62bpyqFXW2jUqo8k0xTHPFIzdl8eGiL-nC-BTFsHCr_c, block
EQA8zsIyuM1TXRbtE0c4I5iPBfKwm1q0k5_1Uv6_ppj6YL6I, block
EQA53DxF_sjdO18l_7cojrBvA8VnkUXg0udjA_D6feVpYQxD, block
EQBPOG5Uxn7_UzixQbVTD6YT4klaIG4W495bfkl6-I_ATDy0, block
EQBopT6cj_fzCuJbnbFcufKbFA2ffH2Ylfn58E5HtTyhO0s4, block
EQDVgZMWfvBN3qfaA1qkF2AdEzWR9JOonoxwob-QgI-kQ15b, block
EQA8-6Hv_swqiMTd8RWBRfYB121wSIc3ArVkZ5jRTUXLRLjk, block
EQCvHefeFG8k4QyNAnEg-D7hOHrPwWUmbssgCF2t1azLbVyF, block
EQAbXT5kFutOEZtWxUHjkA5HnF01Q_AXRvGkkOyloVVdUgjE, block
EQBmG-8JzCXkD5Qvaps7BUmJLvOm8uv5dm35Jd55KUa5-6lK, block
EQDAY5tyBNtPM13-i6cUq8LZ3P9ca7A0yuXd51A1ycfXr7H0, block
EQAyYq9AoYvuenEF_sG2Q8VHZ-uY_UFakNBn-KC0m6kBYI4V, block
EQCBSqjQSvUOVyCPrAIMM009lGoT36Oo6-Ru53WGrw73LigN, block
EQATUvHVWMs0tHVo4JJ7xnuqNZIptLOyMpp9A3RSnEp1nLYc, block
EQAvBvBwktAONuZg2mNacHEf14jZq78FCJHNZNnlnBpiOLdh, block
EQDhLA87xUWnHZzntuE_LIkcLaaT0ERwv9bCpswdh_plzzns, block
EQDFwIwCIat980Kj5Fleg5EBQLfX0dvOwNopniWveNfOuKD_, block
EQCvh2qAEyMjguirMCDWIBxAVXpxa_pjm4NlmOVjeqgny9uz, block
EQDlN7ks_jKbkJv0i00FEWtfkGj4f7OvuXqPSL1eYZ9VpWrT, block
EQAGz-mGwjbqCSyOd_3B4Ozo8R1yG_VFDIv-w3dIjuhAzZSb, block
EQCrYDR3w1mK_j-rQHx_QJ5aV9Ylx19b7096U7Igl_Lqzdcy, block
EQDpgx8A8PtWmoRWdSYUTcdzVEpXYLiTZYDGu35SQZAFazRX, block
EQA52bM8_pc5Z2Vlndv4y2FUSZ_IQV43H7MLrdB5CwBQvcX9, block
EQCeGM8wUCxLe6OXiLMqsKXY1Vv2eLM_SFC6LL5IYlTYr0r8, block
EQALZyFJPVqCGblypBCby3Fo192-LWWCTuh7_fGOKoM_QWdg, block
EQAVJnieaxSqTMHDjfc-ecPP6TS2ijD-k1Zg26H_dO8sKm85, block
EQAUL80PvAUgEuvpFmXaT7KjjGEYUrROH8_jnoO3oKYnXLnt, block
EQARMYaULbTt5QxNFbpc9059lmgqh7J-_Irr6D14C5BbtaEW, block
EQAB5umSDKMBAUdEwyJ3kfAtLG9NRQ7Wm0SBVF2k57FqsenD, block
EQCLIHTI1U0BdVhLmoPcAuIum5yuxFpCwCDIJQRGFHurwAdF, block
EQDMKU4NXfVuP22vLVTEqdyG5F238jOsXZcJjDF70J1sUsTq, block
EQABwisnJ4UlSXtPvEArPLqzKQidQYiagaxQ0Fl213bdy5SW, block
EQD8qzFqGbGUic3uKoljNzCpYXzpV_kptciYVLkrNQI-rMx5, block
EQCtXfDappHnKADmqrenAWplL8FNumkMa-IviU9ASHlOY-Bw, block
EQA1aKuv6ClxkTwZtzzLvE9C6xDVhjHEu9zWbdw26MxsU9rF, block
EQDD4IiWINP9YIa54wXwVboaKdaq49xmmnJrstyVAvN_GM2c, block
EQDIsPsUkI4cxOSdjnA99VEEk119LXbCU9NrdwCcsMjQlsdP, block
EQBZaac7O2TxmRVgUTdeAYzW0rdM8nmxlkJ8Vg27e40sheib, block
EQBYMKMr5gZN4VYPdSHoN8njMVkMdLysO3jTDWi0MB4Agnsq, block
EQACE5qapcxE-cw6PT7SAbaEISeHjz_IuFwvlJQBFSDeDB2c, block
EQBhmRhKYWpPULqZ-4mnEASq0eW7JgLUiYIMau0eWITGwGfK, block
EQDTZmwX7NEesQ6oYCAU58_5I6uJB6FjxgrCvcCloeVDanyz, block
EQCwwxPBlkDt_EO2a4V2tutKCSv87itK3Gfott5rl8J0qmud, block
EQDXwFsfnkGKK-nvFy5rH7uV9B6kskZa2NmU8rtuHwANr9m-, block
EQCZtGZTOHs7YbAg5XE3zEf94tK3Ie6rggnh6zVuj8gIKcto, block
EQBG9yFtxWt7cTtkfxx_7ooQyPmphmI9_CjggNgeRzC2P_F1, block
EQALnvwekhFimnlWKg6L7NWubmTgZX6MjM1cvF8O2Xg1DZAz, block
EQAp95gKj6k-tbhpmrlcDYCPAxkDlO0xMczP2QiI_NH3x3b3, block
EQBoHVdj4VwG0k938KNUMpzpsMXbbx2ezJ4S4uDv2MmP66Ng, block
EQDRy_xDJRGQCeVqpgCmxLfBaHN9gQ5rnB-vvRJ_DTGqZ0dA, block
EQCXPAynAVCUoXpVMz48pzfNnSlcnb7u1FDUO1TR4ZDk2Gb9, block
EQD6KSHedeFq0_STVw2oR47QGW38C174yeBm8DdSMC8EQU3d, block
EQDv0AiBOjgG_gSr2JAqsmfF9DZiG116gBP_JJRtqMTxUCh3, block
EQCmKj0bklh9GbaTkjYF0Vso-j0dSvTD6T8O23uXxdCvKATF, block
EQDj4xwm1JlElyE4a_f0zI5VenhRGSx-hfoxe4ELWwXEnKac, block
EQAYOtlWyuzmkBsC1waqvt1gkREo3y_uiJ2C_LfCmrrCjvlw, block
EQDoH49lpDijTWLTJuTvc0KDgOe4H1lL6UR28Xp__thOwwFS, block
EQCunba6CSxibsda2xEjxAH9lHzmJSahsx_iAr7l_QXEwSqy, block
EQBWe21ggXTynkKKCAswokz6SVfjb9-2XG4J6mWd6aZeXZF0, block
EQAWtayUVKy_ixWJ0HJsMY2C16hJzBBbwTBYJJ3vpk85-fvq, block
EQC_Pj04pb9n32wItj5x-lGnzbOXn3MtVCrP94MRHIEA_yOL, block
EQDtlP2ngbN0Ee7PR5Lcecon3Ll9n0oAOt4oal_t2AuYj4A8, block
EQAIokyVTpH2cZ-Y6HrCGL-8oabfjVtfhMBz1B6EZRQuEY8D, block
EQBfVTjWF5ryjIupbWvOmXIIIoscmSgY9Qr5LPS4C8-oeDB1, block
EQDY70mZIwSEptNwCry2bLNugd_rEYqGQiGVCRcOMoAA1Je2, block
EQBL908Pn8fJTqBFsdMV60LTRa7_nUBuOQymXZl8SvZD_DCc, block
EQCX5csEqVmagA0Q7T7Wpga4YdQDpK8wrvSxK2U4vB4ohkV5, block
EQDHqQRbG7JhoHbOPppDOW0aL1s6EnRQhagWJE8DaXTfKhQR, block
EQC4sTeguEZrwpaBywdpGas6hGGI6IVWX3bDVAPrms3e3F0v, block
EQAvAVTG70nsFYwo6izJpZJK1n7BFUU-VNnEyATTtT8mVpMB, block
EQDS4PIL4Il7s9A5ZSnf4TdqoXwv1paW1KuxZS_fmJIa2Msj, block
EQAH8tFhR2EnktixyLfSCDfskoAMSTHtEFo6KJDXmoAykTky, block
EQDzosgjzaL2CQX1Zd1lzrK9BM3cnTGI843lmbnaN65hN_CI, block