Ef--iZr4o1zvFU9u0Gc30Sk2dNzWJTk8ERr5xgv-AOHBjz55,Animoca
Ef8hpW8uv5Ngz5m5nV_tSRBfo_VSmHz6pw_JQ6Y_PXV5Qxqt,Animoca
Ef-DHxLMgz_RiKGL6z5GxuR9c1nXCxBZfJEfe01ErkqSp8K_,BEMO
Ef9V_ugHz5T1U7O-MhdmMkG3IuxTPzdMXTvepdoRsOAy4I6O,BEMO
Ef-BHO0nH49EnLUetZIAkLkssgCyDwcXBnbp22--naUWz8VY,CAT
Ef-DxWkExr12iOSi0vJfT5TKCUG9W3-eWInm1yT5oEJISJkl,CAT
Ef-VAFf1Wd3fXd-mQhDw5lNsVdIZv2_H1yhbdzXCFfIe9p95,CAT
Ef-p4N7wkBQcce3Awcm06a1EV2VsFPYR7GtRczlYP0G2C1Pm,CAT
Ef86ziqX4uPh-ZcrOK8bWszUzfNhHg_SPnvf9CQOnElFINEE,CAT
Ef8AeKBMQKW-PB8-RDeyJQSsxQQr5oEwbQeBEwE2BKDiFA_U,CAT
Ef8h5pd9_ZuWJOlilBH6a_LOACxl_R6DJbWHhut7QLDLWSgf,CAT
Ef8iu8EiNOP2MczVvHseFi-CrGO1C4v6MkSSOgVZcESNGfT7,CAT
Ef8vk8p6nogM_JKMhpqXnffFrzikOzGjIUNLP8sdIasIb8DV,CAT
Ef8z0gek-K888pl61tyErw96TfnthjV9lZ7UDVFXlad9HEGS,CAT
Ef98be2ASo4xA_t2Q2VIH0cdpYKylDyfhL3nL7Byjz180VaU,CAT
Ef9wm_whwjPFe7H4jvP-ODhluiZFm0Tb2Gj-67zqS31hCaWC,CAT
Ef_jgxA8sfh3j5Tj0BI6Bob2jrjjRa2s8wjxYQkvj1-X-oIF,CAT
Ef9xgc8yMT6JQa6mUc8OJtZLnYgk1t4SQt9vvrNgskIYMdR4,Chorus One
Ef8vr1Jil46EwjCd5sOKlxD1NRzA8ZDcIolStOVd3x9Hy_Vg,DWF
Ef_DkntDYhGvRVZwOmkoupIyt4zIqi74lWOkJUJBHbSDDqhg,DWF
Ef9GOR1wqJFPVpbHOxObSATkdbfTizRTmDi6DdjJFYaRKhoK,KTON
Ef-Ob4ib3dI6SyugRcZHLwLEyhsTz0Uhi9RW-AszqL1xR4D4,N神 6U
Ef-zOrUxew5htdHWmoyBnHsGZ2AeNjlUZmPAVQRHRzhRXk1-,N神 6U
Ef-zdl4Rwa4frlAm9jextTtKOEej0KATvCzbbh7HS5PLvpP_,N神 6U
Ef82H9Y3fezdDaTxq_9a6ENxizXJgrOBUlVet_-tfWFMR_Yq,N神 6U
Ef8C7Z2rev4bwsEzdIp3KMCCBYZP63SSqRuyY_6R240H4qUn,N神 6U
Ef8DzcQeqVuF2byzPxTAXiRctzBIc-IGFPOzrsj6bOHjx_eS,N神 6U
Ef8JKTXvDS1s5yZkAMOtCxnFAju48P0rCPPAw006R4wTVVBq,N神 6U
Ef8NmBka_i_BCbt2426SDHfNZXsFMx0X8pMmP6NRHyZwiRMP,N神 6U
Ef8fMUqyYCFb3QSB45p7A7Pf0RhrAZtEI92nz2XcTWV9Ed3n,N神 6U
Ef8iF190guvi6DrbDci1ifCWqD7Si4MTrmuQlSU-WydgDMSs,N神 6U
Ef95ibiIdyUpAHzmZiTa4375oprlqZ0sCQugsSZnqMsYTaks,N神 6U
Ef9dDxbX8QS73V_2umDir0gVDO6YrKWSYvaFGnnEXci7wXO2,N神 6U
Ef9uvGps5Ix6Mye2QjUm9vXqiPmudiCqk-AaE1lrDVSaWOsy,N神 6U
Ef_ZD78WoeIbwHII5jZmVEwiK1orvEJc3oHEbK1GM5K0Myo1,N神 6U
Ef__OALBjiF8I46PdyiRXx9ZHbacRlJdH8GE0xE9XKPbmQbo,N神 6U
Ef_xV8sW3x9JnAfytnlGNIKAkimtkkGn8CQ8ZDWlD7eC1QiN,N神 6U
Ef-SIZXQhUEtvk9yZC8-V3bLKO8AgSiP3de5qJ-v1dKTCgBD,N神 Cg
Ef8LcCsHfPkiVvQiVV8QwztwKAoJ8fZmQZMAiai5A1RTCEHb,N神 Cg
Ef8WQb3lEXMSE1nl44tvTj1jXKBVEL3R5eCFaH6lv3gvjcLc,N神 Cg
Ef8ZHhYKDTvsBHCsz96j51a2QSPiKl2D_62yusPDvIoB2IqE,N神 Cg
Ef8avdRDSPNjmFRWQC8qMne14s1BKEjGh8jdEZoqW101StMn,N神 Cg
Ef8j3ItqA_Irr5BJYLYlxjPYPtgJMMxHygmfzY0V_GCBSkiC,N神 Cg
Ef8pRgD2GUPXPxSCa0K4Sx39X9n71LKFKi0MheDI_uZ5JzbF,N神 Cg
Ef9bFADhODM5d3U3vAyRtbtzZyqtyTalj2AHVRW4onPW8EYU,N神 Cg
Ef_Gn6oh38n1HapWezoW2oxOiv4LdmvAqzawj87sU8WV5W4J,N神 Cg
Ef_eqAITwrRajYq1SAinyMmqfSfIh-Js8Um0df6Aar_XTzua,N神 Cg
Ef-X7DjBQtJeQdZyDHyATnCrp8piynsGqzbBiikhYLdopOOt,N神 fr
Ef9EipqkxzALI7d_p0vnI7-p0-ICJ7G3hQjlLQKh3loyrdjn,N神 fr
Ef9In2jLjqJRF5y2i1kXqr-4A7zaY1RmLgXJACvFpC0UBVCm,N神 fr
Ef9P57OQwiLG9QhAj6jTZAwyD7OXp4IQTC2FEYsycn6Sbb4-,N神 fr
Ef9tvcMtirhrSvK46UwNTVtSsQF0jp3lBR14w6J_SNK_rcOR,N神 fr
Ef9yHWKtXUIjhZYreSQUkSfYq6Ri3_68dBo32KMxWkv4kWBZ,N神 fr
Ef_9q7f4IoVoV7EEtcvE72g-KiRjIL5vHvNDFpK_B10ryMLL,N神 fr
Ef_YJHg_In6WSY03wEUmS9HjM6FusPO5Zr9K0ymk8NXdqLSf,N神 fr
Ef_bmCmMPsrHKOC4hV8foWBs2TEUAggQ1Wfe6EAqjrI3sGNI,N神 fr
Ef_cGa5Xl7E4775MJAnrYnI7T70tvoj_p30XzNivnT7EPP5H,N神 fr
Ef_fBaqKejmgiIOqfKqIowouWPElj2W_JJjGsB68DeP2PxTW,P2P
Ef-Cdr5BiVuQDP6qtnQwGAfspdRnT2XAeC_ZzEaCjE15jzbm,Stakee
Ef-RZqci60-2GFZVoB1nI_KgJtRSLLKc-USDJh1ePuN6H4sL,Stakee
Ef-eIiNEHVMS-ovGUWKPpVDsIItMHhaAksq54qA7Wyid3y0R,Stakee
Ef-itGcjlqCvwn6zT9gFKnPTesHn-znJy2QQgP3lB1KpfC8n,Stakee
Ef-jWsXzKj7YsM2gyYjZtm4ZFnIy1X1knbDiK9U6uGf9sMFo,Stakee
Ef83fzfgGCb9yY4FBXDCPm36k2JWKBBvMezOee3arWeFhChZ,Stakee
Ef8S77rXFmgqImDq0Om9jiyFEXVX6nAgPiqstBOhGKMxVyk6,Stakee
Ef8uWHmq2-BsU8q984j_JqDwtZv7SCY2bTz5eBT5GrNeAcHX,Stakee
Ef92uQFrMkwVPlti_qV-mS5FOkZDVsevDO7QLf8VhmhC5t4G,Stakee
Ef9eGuUpsIs80rwR3aV_eSo7wnFBvfaeV9OUo3wXLTYkR6-y,Stakee
Ef9haCN08QWiZC11yWJroO8-Sjnb4zlx1hX9J7SatGSUkJN-,Stakee
Ef9o8oaSNFhgM8uFW4BIo7P8IUK2qVjRaC5_Gd2O3JqPgOlI,Stakee
Ef_0SUFt8GbIizmxCWdposjm1Hhhirfyvi3cunFqKz0sqNDH,Stakee
Ef_ipTL3uP2mC9WpmJ3pppWxLLaaS7v3wcGcyeTPuAHOaJ7W,Stakee
Ef9BqxMAQjLMnzltwiZ7etD3-3PSx6R5wjXMgqWQ81Keeper,Tonkeeper
Ef--_tW1zCy5ehTig0JrBEAiE67bbnSmqVtkuU8FFqlNUT9n,Tonstakers
Ef-4KOlautj1EuL95DlqcWlbI12qn56rL1r7axPhRW2DC2Y2,Tonstakers
Ef-9BMOqRv8Ro3Z5RDsFR59kyYqwRLDDrXxYu8j9U0iybWeW,Tonstakers
Ef-KLjGVBU_BayNscGLawKnylAU_6MeixfXlrYEIrivUtfsZ,Tonstakers
Ef-Noe_iEFltdCiSLIUgF2ouk1yj_w20SFU2A8NGAMncMe3A,Tonstakers
Ef-Re3iH4JMDEQc2FYrYodSTVXyPGCXCDkEZsznEW0VVQwhN,Tonstakers
Ef-SjRXSwKw8GIfGhNitv0p7gCtz3w63l_-YtOEflQaJAIzR,Tonstakers
Ef-jXnwuhCi_GnJKIW9bZ_6XdcZcbdOX_cIo4B4yUZUP3ce8,Tonstakers
Ef-kLEZRf96lXU5vmuf5r1ZmeS6e71O_OiK7VCUwnv3Mfcz5,Tonstakers
Ef-mVdej_viO7U1VZb616SGZWQ2l_H2zX9ilQeHvN3MDfVM3,Tonstakers
Ef-oxuG3ofcovxzzPSkgXleXiJ1Ikg2Dge-ZLRf-rScxFJgz,Tonstakers
Ef-rLQYEqLAdQ9DkGJH1ICxQQupNUYscCqEJJ4a5RzApkp7o,Tonstakers
Ef-xHClV6s8Nhq1KIwuEPza-Axlz3XFFcgrghJOaYE6P-sGb,Tonstakers
Ef-xdnv8ioBGcevWgQGaMhwrtMqOuq1KuGLjo931aV_VNQsV,Tonstakers
Ef-zjRP_7KHHeuQ4KcCOcXVdCsDeaPohZrLoESVM7STw0GWm,Tonstakers
Ef8407cfT0OT90Wy3YhWBd2Fc-nUOMG6mJTolf1to7a8qZwg,Tonstakers
Ef85qcmYrFjDC93a1FiQOAxj0YYf4DVccpw40pOsHTUvA7iS,Tonstakers
Ef88Z0Woh3mhxa9PaJK4xR7tv1NnhDX5oFfsEfekIYx1rN7o,Tonstakers
Ef89eES34fzlxOmBUCluVZx8wJloqlg5iIbPjQ2l5155Z_6X,Tonstakers
Ef8AIbE6WuNJgxXFuGqAg11AKzHTEARk6wSEmESvcfcVwWLq,Tonstakers
Ef8NeKUlLP-v1CiOylT5VjrAGd2MTJvaJMwQbZh-m_IUVZb_,Tonstakers
Ef8Oy3BrlJoah0TjBogCscrJxMHfbZnLmTaHnlk8gQmeoML5,Tonstakers
Ef8RKsYSRODQPpnwYJibwmvxVgPU9Bcf6lslxtfaQdBFLi6Y,Tonstakers
Ef8XXh8al6za1V48vKQ6JnQzjZ0qSpzGiH3sZo2RjcUr53vT,Tonstakers
Ef8abmPEDbFWXKXJ5x8NgurPGMzwtT5u6Ja-J_Vv_NnWNVLy,Tonstakers
Ef8cCeOI5QgB2PFs8Y2QLx53GCIdqgrR7ISgEFzZitUguIi0,Tonstakers
Ef8cCq11oEfwF40A3wvLRnRPaSTkPFfrvSQdXbk4pbWSNI8u,Tonstakers
Ef8gbhwRm6moVkO4Gih4qDgwwv4JRY9cuW7DtxBgK7JksH_3,Tonstakers
Ef8q5rFOv9B3UaiKCktWGxb9LBJv4bIuoDFrcjQemPqFljYN,Tonstakers
Ef8qZ5o41uCiAsha_ZvsveOECrcHaxENLrlo9oLip0JdASD9,Tonstakers
Ef90tRZrtYN9nTHZaTAQDqK_SOS7u8sbz_UAFeiswUoYAs2s,Tonstakers
Ef9CvmZdDbGTPeUE_Y12ji1faBZ7hVx_OD3cvl5vBpB1-tS-,Tonstakers
Ef9MkNeOHiguRZNpjdGJEhjh87LQ_Xz3ZUj4z0sY3j2WSjVW,Tonstakers
Ef9RcZJLxkff7817OmiwuCBtmOc90ndbg8z67Uo5__bZbw9S,Tonstakers
Ef9So1P9MHsE3Z2YjqXKT4Dky5Lx-wEkbyIizniD93FbkZm6,Tonstakers
Ef9fRKF1-hBHEyn_WQg2sdXhzZ6hm-Zy1y_uwbuxoAohytRf,Tonstakers
Ef_6lsPkydjqIwnxSBmhZJbrLXgS6ipdyI1P2cHgaLsLB8oE,Tonstakers
Ef_8nIKfrkWBwZHL_fcEt15dqRl-khOh5OAdcbcx07TamlVN,Tonstakers
Ef_EnN7FJKYxa-s12naDQleUjFsF3Pvlsp2LLnLBIdX7FnML,Tonstakers
Ef_FJTtzZx-9fJltGgyepejM9qbkN1kirb1sNACWFD_vq0E6,Tonstakers
Ef_Pr2G5a7Jhl0cKKBN3B1GSzZfqcHMyFAZuXsM03Lg4ySvY,Tonstakers
Ef_WW27qMm9CGSwTG5QyJ1B3m0dOtrXdgAkgKqcYSkujvNuh,Tonstakers
Ef_gh7Y5M27rOlRqyvpKsbW8L0z7fs2InutxfOnsfSCAMzb3,Tonstakers
Ef_ksNgy25Xfzl6OmRTFtqvbIRyYPjUziNxEhNdYirI48UMk,Tonstakers
Ef_mGNXvCcOtImRnUJQyY2dv3z4BDsuA4yMhvgQ1i21l8D4h,Tonstakers
Ef_nWIGrFtAS-rY0HXE-FOGJXesYg3Suz4CNLZU51UW10sMC,Tonstakers
Ef_nvTV3GqcLE-lKayWV2TjD12hHQADIrimKccAPE15M1nbq,Tonstakers
Ef_o1IN3I0QUGJZtZaJkSVitArMQiovZVIr_a71mmklfU3RG,Tonstakers
Ef_ph60Hl4gP-7lcDNB0F3XVbxPG6Va1o_H_tJ7IrVm558hs,Tonstakers
Ef_uEBks3ukY2b5ThejeTuqvKdf-U_05F81uMECp7CkgoDQZ,Tonstakers
Ef_vzvKFCpVNN6LN-7BgtVKs1hzIGH8zqxZcYNogRIDXCAv2,Tonstakers
Ef8Ogh4NObupw39Cx8xrjI_nJkdV7UVSKYZkxOVcFOiUTEAM,Whlale Team
Ef8W1vCpA1tr9xr6QSXSxcVSdn1Sm7SYX_PCWQdClaWhales,Whlale Team
Ef_3qxbRl2ruQ7jqzHlDQdOOcqkkoTSlgO749aQ6PGywCLUB,Whlale Team
Ef-KtOYK30pG4J-ccFcyne4hssX3NrHT71ygfj13ieE4NwR4,pKTON
Ef9c3c0eOdHr3-H8stKY-TnRPHGi22zCTpphAfdepfM76pTJ,pKTON
Ef9cvDhszhrsYHIIxy56oUx7oy0Nuq3fjv6sp4MlYlPr1Ocj,pKTON
Ef_6_bZMsGywbqYza4UqRGt3BYZ010bI547y5mGZvspqm4jB,pKTON
Ef_YCoHukphbQJZveMjCBI5fB3MjdiRX1S5hqEbw2aZpHBEh,pKTON
Ef_xWantK-Z5vhBjpRITMloezQdEgguwM1gqzsEB4mt99Fef,pKTON
Ef8K0Xuc3C_vfhSjWjxCPa1-WrFxId3k4lS5p2D_A5WTUJxl,N神 EF
Ef9Jq41oqbs2mqE5eXGnggKGgZk2OsovDt1E6_7wTzml4cH7,N神 EF
Ef87F1E3PwG7CEPpy5J-JDa2CNFMvtCt0XbOt0TSo6T5PduE,N神 EF
Ef9-LzDvQz9dt0700Zlogj7WOow863RRrSiO1EwiKWXcD6Ro,N神 EF
Ef9Zi08Ixz_2meYMcSnK3s2rnMz18TgRS3bM81Z_Phg_x3Va,N神 EF
Ef8m0dcn2N8qMjJRbQ26pVUvmTYid810poS2cazRhAle8rVF,N神 EF
Ef_4sIdLbQTT5yA6LOawv-oCUJhNejQXgV1aF4LQbm2wj8d7,N神 EF
Ef-WxZnPH987fBibY7UGz4MwhWQcIbhhakdJRIDScscoMqgS,N神 ei
Ef-FRwY1VHqbx_8BRd1O84AnpOH19DHWhql_irvS7VAnEwOp,N神 ei
Ef-FdKMUz4phqx_9EkkxzzwGs0pPIfKnHSuiWQHNR-z29_V4,N神 ei
Ef8r_L-OYdq2b_eiTmS_-xIAKurCtjvx89tIHfkONWtcyzsW,N神 ei
Ef84FBBdU3zl6mrp2YieNPZClQn6EGQPby2lLXHDtXzGHGWh,N神 ei
Ef_ONscU2WAiDuE650_O-RLcJp3q0cW8E3Y_DGrbzXdWZyZl,N神 ei
Ef_zGZHT4jw9rNcYnqsBa0uxPuq7pbvMACjpWm1ll7650en-,N神 ei
Ef8c2MX4eJZTNSekn24lTFKyZrQCombF07Fd6ebGW_Bh6ESS,N神 ei
Ef_aW_atTLCRcbrPfqjHjrHBSP8-1t0NCyMI8rEcaboPkVzb,N神 ei
Ef8OsrSEsBU_e9xPvgbNMjo700s1gqJSwvqnzM5tWv5CCGsX,N神 ei
Ef9Bk42lr8aSNN2-R1n18-eaV6drqipqHSbI8vj27DzCnpy5,N神 ei
Ef_uw23cFOTaqUH_BGOwnrWLX-fdJv90LfaAs8Pi6CL6WwM-,N神 ei
Ef_t-MHsB6nZPCVzOizo2sVTuDGw49UvFYfBp9d1zBV2siz4,N神 ei
Ef9NJdXxmsDyUptrkcf6ba1Sv1i08IVGQ0Pky4juVASQjS4V,N神 Ob
Ef-E-nradqMfDW3_D3V0Rssl1HTAbIQzv2GF6ZqmDUVNMxbW,N神 Ob
Ef9cvTuJrgK-ip_L_dIN9n8CoOIuNGp57vTD4KWUXBgO5-JZ,N神 Ob
Ef88VzEo213WJwXYYetgc4_ZBRX0QdlELe3yvAXy0E_Oi7BB,N神 Ob
Ef9qNvOX3btRcAk8p2CDONgvyP2BLVp_ji08Z0O6DSO1Ohil,N神 Ob
Ef_LnVvin3DAzlp4sojb5vdDCP4IBzTTUqskc5z41S_W_rIz,N神 Ob
Ef8LcCsHfPkiVvQiVV8QwztwKAoJ8fZmQZMAiai5A1RTCEHb,N神 Ob
Ef8TCx-PvPfkN5_S8NTbeR4qQgVPe0BCEc3u1LswEZxH3rcS,N神 Ob
Ef-mFrVjuA5vZw3RZRM8BPLR-TBj8WnE59jNdcSV-tmYNGL3,N神 zu
Ef-5ULYb_T-fr4VFMF86rGbDK86Cd69Bg8wPLi7cMY_XDbjj,N神 zu
Ef8Ep2EOsxp47WUlwEor0wKoh-43viaysWyWgTAPF3B4nI1W,N神 zu
Ef8HL7K9Mz0zXWqpIeeTJUraMW4_bw8gam6ClvTOu5MbTG1h,N神 zu
Ef-K_fXYUXQ-JzFMgKn3Xogw39v14-w0vfE5rlOuqGi3OqSK,N神 zu
Ef_V-ZLH9pi5C3Ibu_PDj_ZopS1sqOOPxKCT6AljgirUcF30,N神 zu
Ef9UQUWTTHi8sU40Ni-7vLSzfiZGQ_5-6M4TvQy4TC2TSOlI,N神 zu
Ef_tFnJ5jsKDP3mR-C4n1AKGuQKLYDhQ8d5ipSRmz-P2PxTW,P2P
Ef85HFFhJpbOUKYKVRoC_pGalqHNQe0Jc3RUZpXcoKLgTEAM,Whlale Team
Ef-Alt13oZe8e6hi8IzGiR7rhb7_D2jVxFlEN_ln_VKeeper,Tonkeeper
Ef-m2UP6rg1Izra_yzSOvPboEem9d2HFzdWarnuNvrWhales,Whlale Team
Ef80wWi-7xV1RtoTUK7bvRgYGyn327O-caldk90VySg8CLUB,Whlale Team
Ef9Copper3WArqf5U048fgm6pCAWmK2tOcKg6OTU7v9GXkWS,Copper
Ef9Copper54fAXdB9Y8EGvCqWr65EWnWrmXjvzVwpuPyWB8n,Copper